<?xml version="1.0"?>
<odoo noupdate="1">
    <record model="res.groups" id="group_multi_store">
        <field name="name">Multi Stores</field>
        <field name="category_id" ref="base.module_category_usability"/>
        <field name="users" eval="[(4, ref('base.user_admin'))]"/>
    </record>

    <record id="res_store_rule" model="ir.rule">
        <field name="name">multi-store store rule</field>
        <field name="model_id" ref="model_res_store"/>
        <field name="domain_force">[('id','child_of',[user.store_id.id])]</field>
        <field name="groups" eval="[(4,ref('base.group_user')),(4,ref('base.group_portal')), (4,ref('base.group_public'))]"/>
    </record>

    <record id="res_store_rule_manager" model="ir.rule">
        <field name="name">multi-store store rule</field>
        <field name="model_id" ref="model_res_store"/>
        <field name="domain_force">[(1,'=',1)]</field>
        <field name="groups" eval="[(4,ref('base.group_erp_manager'))]"/>
    </record>
</odoo>

